Location_ID,X,Y,Speed,Acceleration
Loc_0,0.24996507336442209,7.694069146232641,89.91488996524495,-0.5394960283298129
Loc_0,0.24996507336442209,7.694069146232641,101.46195963598754,0.41330167592191086
Loc_0,0.24996507336442209,7.694069146232641,103.55201159382999,2.399625764117652
Loc_0,0.24996507336442209,7.694069146232641,86.19283914959331,-3.6789681380006036
Loc_0,0.24996507336442209,7.694069146232641,85.52378005548448,0.542832363014361
Loc_0,0.24996507336442209,7.694069146232641,95.81300502071475,-1.1289526740691254
Loc_0,0.24996507336442209,7.694069146232641,85.81402128785737,0.625977894395514
Loc_0,0.24996507336442209,7.694069146232641,96.6128342076003,0.429127836903474
Loc_0,0.24996507336442209,7.694069146232641,96.94279579818328,-2.9750986162518935
Loc_0,0.24996507336442209,7.694069146232641,107.66806156394217,0.6643082397518084
Loc_0,0.24996507336442209,7.694069146232641,96.04160075646509,-0.502089602697652
Loc_0,0.24996507336442209,7.694069146232641,84.61753931130386,-0.4985152887835841
Loc_0,0.24996507336442209,7.694069146232641,112.20212516914594,-2.033608986805488
Loc_0,0.24996507336442209,7.694069146232641,117.06802074178846,-2.396825345314025
Loc_0,0.24996507336442209,7.694069146232641,98.40265338042249,0.8158704547437613
Loc_0,0.24996507336442209,7.694069146232641,119.36277584769998,-1.32200025758754
Loc_0,0.24996507336442209,7.694069146232641,107.41958820110439,1.1882964351115883
Loc_0,0.24996507336442209,7.694069146232641,116.6968058125987,-1.5537215310562595
Loc_0,0.24996507336442209,7.694069146232641,101.6402380789672,2.125085726332279
Loc_0,0.24996507336442209,7.694069146232641,91.48692084216349,2.291028512806713
Loc_0,0.24996507336442209,7.694069146232641,119.52661794970118,-1.0701992924325396
Loc_0,0.24996507336442209,7.694069146232641,96.4661760924791,-1.8094671609698787
Loc_0,0.24996507336442209,7.694069146232641,115.18542791360856,-0.5651350079699674
Loc_0,0.24996507336442209,7.694069146232641,98.4348028416452,-2.6106484053398002
Loc_0,0.24996507336442209,7.694069146232641,108.42680936973493,-3.2641744568762614
Loc_0,0.24996507336442209,7.694069146232641,105.0806042105682,0.038653126544398855
Loc_0,0.24996507336442209,7.694069146232641,120.01110970261144,-1.72723778756348
Loc_0,0.24996507336442209,7.694069146232641,101.06216517041642,-1.3854874949795117
Loc_0,0.24996507336442209,7.694069146232641,96.3859799612954,0.6785810784150371
Loc_0,0.24996507336442209,7.694069146232641,81.20055070886879,1.7584224957367407
Loc_0,0.24996507336442209,7.694069146232641,98.02041241136132,-1.7888181645069237
Loc_0,0.24996507336442209,7.694069146232641,103.11497325332815,0.8939142627641481
Loc_0,0.24996507336442209,7.694069146232641,101.44936087984571,0.23764976306751115
Loc_0,0.24996507336442209,7.694069146232641,100.26023891081437,1.7867425310479061
Loc_0,0.24996507336442209,7.694069146232641,94.7822745555202,0.038368244690427156
Loc_0,0.24996507336442209,7.694069146232641,99.81220229121973,-0.6656909794390459
Loc_0,0.24996507336442209,7.694069146232641,95.61042351455298,-0.6246262360755894
Loc_0,0.24996507336442209,7.694069146232641,106.83765449296469,1.6914013044570404
Loc_0,0.24996507336442209,7.694069146232641,89.27578309599036,1.3512305247856997
Loc_0,0.24996507336442209,7.694069146232641,94.77597724609136,0.18178529269078952
Loc_0,0.24996507336442209,7.694069146232641,77.6789436911827,0.5493094842796034
Loc_0,0.24996507336442209,7.694069146232641,94.0993206373334,-0.011765747919435528
Loc_0,0.24996507336442209,7.694069146232641,110.44908938420653,-0.08101692715271318
Loc_0,0.24996507336442209,7.694069146232641,103.95049377664205,1.8998285882001298
Loc_0,0.24996507336442209,7.694069146232641,103.10648493607499,2.0761896852661987
Loc_0,0.24996507336442209,7.694069146232641,117.81114612496629,3.213010416298803
Loc_0,0.24996507336442209,7.694069146232641,105.56086433728325,-0.24295526215836374
Loc_0,0.24996507336442209,7.694069146232641,96.49542509091445,0.38778947811884545
Loc_0,0.24996507336442209,7.694069146232641,90.72237090071663,0.7953413807890855
Loc_0,0.24996507336442209,7.694069146232641,106.99082230159394,-0.6044955399206625
Loc_0,0.24996507336442209,7.694069146232641,83.17594670076642,-2.738268678937091
Loc_0,0.24996507336442209,7.694069146232641,96.94594827581646,1.0250421835546304
Loc_0,0.24996507336442209,7.694069146232641,96.46167788650438,-0.8120155780602413
Loc_0,0.24996507336442209,7.694069146232641,100.22518150312804,-1.5677165054548883
Loc_0,0.24996507336442209,7.694069146232641,103.4910898911825,0.18392042901200403
Loc_0,0.24996507336442209,7.694069146232641,104.67686757843266,0.5514039511618761
Loc_0,0.24996507336442209,7.694069146232641,101.98268132219148,-0.3748603561266951
Loc_0,0.24996507336442209,7.694069146232641,105.74676189496223,0.5847419513855995
Loc_0,0.24996507336442209,7.694069146232641,92.33027096074584,4.3286510364312445
Loc_0,0.24996507336442209,7.694069146232641,102.0812436242849,0.00539047907680325
Loc_0,0.24996507336442209,7.694069146232641,90.35088709732852,1.8403671430307214
Loc_0,0.24996507336442209,7.694069146232641,89.30986839369767,0.9088230969498025
Loc_0,0.24996507336442209,7.694069146232641,95.07255936926016,-1.1225398774115953
Loc_0,0.24996507336442209,7.694069146232641,110.86542265191983,3.5251132693439784
Loc_0,0.24996507336442209,7.694069146232641,118.30610320212469,-0.5470821912378341
Loc_0,0.24996507336442209,7.694069146232641,94.66210983589183,-1.6167984042175223
Loc_0,0.24996507336442209,7.694069146232641,87.60848326913225,0.05007131848029357
Loc_0,0.24996507336442209,7.694069146232641,119.88393100579903,0.655733681799161
Loc_0,0.24996507336442209,7.694069146232641,121.70682121716281,-0.12400366207688256
Loc_0,0.24996507336442209,7.694069146232641,82.00114111064568,-1.6500571468029575
Loc_0,0.24996507336442209,7.694069146232641,86.84809274858036,-1.625814784914193
Loc_0,0.24996507336442209,7.694069146232641,96.81519849230781,2.2957747124832424
Loc_0,0.24996507336442209,7.694069146232641,111.54105084525355,-0.5993775276142069
Loc_0,0.24996507336442209,7.694069146232641,78.95020367233127,0.9504828970511213
Loc_0,0.24996507336442209,7.694069146232641,91.63600720317376,-4.002137757219067
Loc_0,0.24996507336442209,7.694069146232641,88.22466007131604,-0.00030878367064472387
Loc_0,0.24996507336442209,7.694069146232641,101.12138587692166,1.0394127236281678
Loc_0,0.24996507336442209,7.694069146232641,99.5302554354006,-1.0602201377119809
Loc_0,0.24996507336442209,7.694069146232641,79.58719326578682,3.284993579172449
Loc_0,0.24996507336442209,7.694069146232641,86.04890667677898,-0.4765246112969222
Loc_0,0.24996507336442209,7.694069146232641,107.58951113915585,-0.5559912664377338
Loc_0,0.24996507336442209,7.694069146232641,86.45833025975901,-1.5313378941731492
Loc_0,0.24996507336442209,7.694069146232641,109.03911366985459,0.14216263426500883
Loc_0,0.24996507336442209,7.694069146232641,91.64160114445838,2.563923492442305
Loc_0,0.24996507336442209,7.694069146232641,106.05946448855369,0.5751119011731364
Loc_0,0.24996507336442209,7.694069146232641,106.3871037517555,2.6974435622040387
Loc_0,0.24996507336442209,7.694069146232641,104.02605755680325,3.3711821776746236
Loc_0,0.24996507336442209,7.694069146232641,93.34613346392985,-3.8769658635458732
Loc_0,0.24996507336442209,7.694069146232641,112.77096678171972,-3.3649061852132727
Loc_0,0.24996507336442209,7.694069146232641,106.32352917077698,2.359425239095102
Loc_0,0.24996507336442209,7.694069146232641,94.13867956372839,-1.791104640247281
Loc_0,0.24996507336442209,7.694069146232641,103.8176245250757,-2.833909989751664
Loc_0,0.24996507336442209,7.694069146232641,91.63657678134552,1.3424480608983809
Loc_0,0.24996507336442209,7.694069146232641,100.56655292691681,-3.0291213828911268
Loc_0,0.24996507336442209,7.694069146232641,101.82451334502626,-4.490109482864591
Loc_0,0.24996507336442209,7.694069146232641,95.66119810380836,-0.7775040065016077
Loc_0,0.24996507336442209,7.694069146232641,106.52791659051017,-0.4741634918838976
Loc_1,2.2809521190379267,43.453666315019525,32.382313242215986,-7.592281766368521
Loc_1,2.2809521190379267,43.453666315019525,23.94938637570774,4.285972427201792
Loc_1,2.2809521190379267,43.453666315019525,21.50521762055738,-3.9819043644607257
Loc_1,2.2809521190379267,43.453666315019525,37.45580024477824,-0.9660619821113068
Loc_1,2.2809521190379267,43.453666315019525,27.8733936780746,4.649304982110617
Loc_1,2.2809521190379267,43.453666315019525,25.8389771879389,-0.7576330523900965
Loc_1,2.2809521190379267,43.453666315019525,31.28292891982069,-1.2492999122129385
Loc_1,2.2809521190379267,43.453666315019525,26.504544484814694,-2.277018254364612
Loc_1,2.2809521190379267,43.453666315019525,23.131951613364727,-2.2087889351666807
Loc_1,2.2809521190379267,43.453666315019525,31.71497665871313,1.1663781785226361
Loc_1,2.2809521190379267,43.453666315019525,21.462936870950998,-4.078932892513724
Loc_1,2.2809521190379267,43.453666315019525,35.829910286910675,-6.260948499289354
Loc_1,2.2809521190379267,43.453666315019525,22.41756359195179,-3.968306298882366
Loc_1,2.2809521190379267,43.453666315019525,30.88608938539064,-3.740152073800841
Loc_1,2.2809521190379267,43.453666315019525,21.669344504408198,4.411689823782394
Loc_1,2.2809521190379267,43.453666315019525,27.287455552326502,1.2279064698081212
Loc_1,2.2809521190379267,43.453666315019525,24.02034310884415,1.1866191755016957
Loc_1,2.2809521190379267,43.453666315019525,37.96090459714528,-4.517996625208664
Loc_1,2.2809521190379267,43.453666315019525,21.97970651615752,2.8988434655670856
Loc_1,2.2809521190379267,43.453666315019525,20.705346465887843,-7.861684625736588
Loc_1,2.2809521190379267,43.453666315019525,30.91639646191971,-5.407177758946315
Loc_1,2.2809521190379267,43.453666315019525,25.47915385547528,0.5766452105116766
Loc_1,2.2809521190379267,43.453666315019525,27.866463854170718,-2.9491452591923717
Loc_1,2.2809521190379267,43.453666315019525,27.70447425937061,-2.8300626163495792
Loc_1,2.2809521190379267,43.453666315019525,22.792285127736406,-7.1227607743092305
Loc_1,2.2809521190379267,43.453666315019525,22.33615500153656,0.611606301843374
Loc_1,2.2809521190379267,43.453666315019525,15.82866102092842,-1.6213978122582793
Loc_1,2.2809521190379267,43.453666315019525,31.957286698462553,-12.105391544750594
Loc_1,2.2809521190379267,43.453666315019525,26.870575074267048,-13.632464142336724
Loc_1,2.2809521190379267,43.453666315019525,26.11933169152306,-4.643575384682985
Loc_1,2.2809521190379267,43.453666315019525,22.640395324218833,-6.229309378618716
Loc_1,2.2809521190379267,43.453666315019525,19.11012673505371,-0.42351804657620207
Loc_1,2.2809521190379267,43.453666315019525,25.23303141528503,2.815490022082664
Loc_1,2.2809521190379267,43.453666315019525,25.556616279149058,-2.484820594582903
Loc_1,2.2809521190379267,43.453666315019525,21.766520818730086,-5.9180970819295595
Loc_1,2.2809521190379267,43.453666315019525,17.64809074861698,-3.354989104344326
Loc_1,2.2809521190379267,43.453666315019525,29.5365197613055,0.7908993731042946
Loc_1,2.2809521190379267,43.453666315019525,29.489285962387275,-1.699884560060614
Loc_1,2.2809521190379267,43.453666315019525,16.677820670187963,4.629110664004794
Loc_1,2.2809521190379267,43.453666315019525,36.62756202146996,1.960231307675501
Loc_1,2.2809521190379267,43.453666315019525,33.40513158538632,2.0077307769496615
Loc_1,2.2809521190379267,43.453666315019525,17.916466929097506,-0.7024598993969038
Loc_1,2.2809521190379267,43.453666315019525,13.155661768730965,-3.4574859570057512
Loc_1,2.2809521190379267,43.453666315019525,29.277151968309358,-2.9684462145474257
Loc_1,2.2809521190379267,43.453666315019525,21.266435252863612,3.8079353056797256
Loc_1,2.2809521190379267,43.453666315019525,27.725442135479586,-2.272024200786186
Loc_1,2.2809521190379267,43.453666315019525,22.207675947138608,-0.3782812414609098
Loc_1,2.2809521190379267,43.453666315019525,23.599484830913415,-4.638217931501684
Loc_1,2.2809521190379267,43.453666315019525,23.628905234715994,5.055318842540454
Loc_1,2.2809521190379267,43.453666315019525,31.72895618562338,-10.446437616318574
Loc_1,2.2809521190379267,43.453666315019525,26.7723913245532,-0.545495609778631
Loc_1,2.2809521190379267,43.453666315019525,30.02942276103484,3.92218428425579
Loc_1,2.2809521190379267,43.453666315019525,16.275035288935044,-0.17431748590065466
Loc_1,2.2809521190379267,43.453666315019525,21.644341573367292,4.440308532713772
Loc_1,2.2809521190379267,43.453666315019525,27.122820959585592,-6.072386965104136
Loc_1,2.2809521190379267,43.453666315019525,20.2571113030237,-0.36388868424828447
Loc_1,2.2809521190379267,43.453666315019525,24.24369059617418,-8.538382820198231
Loc_2,13.118530298978259,61.009865522564425,22.882176232242543,9.34291560878716
Loc_2,13.118530298978259,61.009865522564425,32.40181090650226,5.156154082335539
Loc_2,13.118530298978259,61.009865522564425,40.95269319792018,4.382926940190311
Loc_2,13.118530298978259,61.009865522564425,51.96063411326091,-2.8280695984872213
Loc_2,13.118530298978259,61.009865522564425,36.10697223605537,-4.254192452445391
Loc_2,13.118530298978259,61.009865522564425,53.7504981672512,-6.249098568290739
Loc_2,13.118530298978259,61.009865522564425,45.3729431016596,-0.11864690754343488
Loc_2,13.118530298978259,61.009865522564425,69.73247052150532,-2.7877257860109856
Loc_2,13.118530298978259,61.009865522564425,45.87066738887968,1.5529456667120298
Loc_2,13.118530298978259,61.009865522564425,33.584393952879246,-8.645501758162498
Loc_2,13.118530298978259,61.009865522564425,64.35614344983095,-1.0869681253577186
Loc_2,13.118530298978259,61.009865522564425,46.26640088351321,8.351312508487615
Loc_2,13.118530298978259,61.009865522564425,65.6617840932589,-0.3086024211576342
Loc_2,13.118530298978259,61.009865522564425,56.86336480459509,4.089574865654707
Loc_2,13.118530298978259,61.009865522564425,71.29705047311798,-5.466241777491313
Loc_2,13.118530298978259,61.009865522564425,64.20644255979967,-2.42422235785488
Loc_2,13.118530298978259,61.009865522564425,43.17086659331615,-0.7148752288158521
Loc_2,13.118530298978259,61.009865522564425,39.16326378542673,7.542439772332968
Loc_2,13.118530298978259,61.009865522564425,50.426507204588816,2.1132739513563528
Loc_2,13.118530298978259,61.009865522564425,48.981719971237695,2.790971393753779
Loc_2,13.118530298978259,61.009865522564425,67.2448102904246,2.0215249169966985
Loc_2,13.118530298978259,61.009865522564425,50.5190515263107,-6.488306957703562
Loc_2,13.118530298978259,61.009865522564425,27.506726949595517,-1.245236399481182
Loc_2,13.118530298978259,61.009865522564425,51.02050956981392,-0.42262603565378726
Loc_2,13.118530298978259,61.009865522564425,37.90858313595617,4.025969416716778
Loc_2,13.118530298978259,61.009865522564425,49.659024056046746,2.61794722100462
Loc_2,13.118530298978259,61.009865522564425,53.580323605925365,-0.3070015982780457
Loc_2,13.118530298978259,61.009865522564425,24.669296475592123,-9.324719353882102
Loc_2,13.118530298978259,61.009865522564425,45.99440359844216,8.617514775729317
Loc_2,13.118530298978259,61.009865522564425,59.91424046807215,-6.18783821464319
Loc_2,13.118530298978259,61.009865522564425,40.256356429285105,-5.2901976254655905
Loc_2,13.118530298978259,61.009865522564425,10.335221780936308,4.842560009852469
Loc_2,13.118530298978259,61.009865522564425,77.09756608317966,4.408604937482098
Loc_2,13.118530298978259,61.009865522564425,53.499406755238624,-0.7111681930412526
Loc_2,13.118530298978259,61.009865522564425,51.08070827448712,-1.796759703852751
Loc_2,13.118530298978259,61.009865522564425,44.07662674972245,4.941857055446169
Loc_2,13.118530298978259,61.009865522564425,42.534267319183776,-1.8538411029108128
Loc_2,13.118530298978259,61.009865522564425,42.5872004118259,2.710924932855148
Loc_2,13.118530298978259,61.009865522564425,54.69630897829994,-1.215066836325365
Loc_2,13.118530298978259,61.009865522564425,42.0739781327092,-2.8493808068883086
Loc_2,13.118530298978259,61.009865522564425,28.035333050654906,-3.3893839444470126
Loc_2,13.118530298978259,61.009865522564425,49.44988144633408,-3.1203300168695254
Loc_2,13.118530298978259,61.009865522564425,52.23451815755958,1.4347181258121158
Loc_2,13.118530298978259,61.009865522564425,22.706480685543895,0.2890530141295437
Loc_2,13.118530298978259,61.009865522564425,25.23217803658095,-1.3354440562066285
Loc_2,13.118530298978259,61.009865522564425,45.40081959710501,-2.8503091491221118
Loc_2,13.118530298978259,61.009865522564425,43.18189828582615,-1.330354649402388
Loc_2,13.118530298978259,61.009865522564425,71.93995996672061,1.3553003322616854
Loc_2,13.118530298978259,61.009865522564425,61.35473600028149,0.7940936719414943
Loc_2,13.118530298978259,61.009865522564425,41.877828942179185,-2.229993424013112
Loc_2,13.118530298978259,61.009865522564425,46.008981919079126,2.804415682969918
Loc_2,13.118530298978259,61.009865522564425,51.82092604613737,-5.710173128274667
Loc_2,13.118530298978259,61.009865522564425,59.12499104510408,4.922343984754887
Loc_2,13.118530298978259,61.009865522564425,27.065053080295208,-0.35090402443147184
Loc_2,13.118530298978259,61.009865522564425,32.74478833962508,3.8056288543526122
Loc_2,13.118530298978259,61.009865522564425,39.30604319231896,-0.3656919388300089
Loc_2,13.118530298978259,61.009865522564425,31.357850313876945,1.404292536928867
Loc_2,13.118530298978259,61.009865522564425,32.82681648996102,-0.10616936605618818
Loc_2,13.118530298978259,61.009865522564425,17.8792249277124,5.034696415222658
Loc_2,13.118530298978259,61.009865522564425,68.38156428804899,0.2483783514942936
Loc_2,13.118530298978259,61.009865522564425,29.00498949917022,6.125203060014539
Loc_2,13.118530298978259,61.009865522564425,34.34506818874571,5.887511905661212
Loc_2,13.118530298978259,61.009865522564425,24.753006622281116,-3.091610884284937
Loc_2,13.118530298978259,61.009865522564425,31.96569345962547,7.858931391316158
Loc_2,13.118530298978259,61.009865522564425,42.315857850731696,3.928980290518095
Loc_2,13.118530298978259,61.009865522564425,45.62769479587774,-5.374776472034086
Loc_2,13.118530298978259,61.009865522564425,60.8078636625523,2.955798712201467
Loc_2,13.118530298978259,61.009865522564425,46.92488436422118,-6.481772801925462
Loc_2,13.118530298978259,61.009865522564425,16.19646686416257,-3.4849788093396867
Loc_2,13.118530298978259,61.009865522564425,29.663680245066892,-3.728757387990538
Loc_2,13.118530298978259,61.009865522564425,51.47582393506161,0.27880927400230904
Loc_2,13.118530298978259,61.009865522564425,56.61794583974632,-6.792546680800503
Loc_2,13.118530298978259,61.009865522564425,49.30436590597329,4.181269705022622
Loc_2,13.118530298978259,61.009865522564425,43.04455699928463,2.250516907166707
Loc_2,13.118530298978259,61.009865522564425,41.379741979083846,-4.082977261920473
Loc_2,13.118530298978259,61.009865522564425,57.78052335396406,10.451061858671114
Loc_2,13.118530298978259,61.009865522564425,37.55568522565147,0.6107673479257956
Loc_3,58.0393839310202,53.4098129645156,115.28454463528168,-0.3171791231021981
Loc_3,58.0393839310202,53.4098129645156,86.34227365149647,-1.08905266314096
Loc_3,58.0393839310202,53.4098129645156,114.20260343418576,-1.1903443937811373
Loc_3,58.0393839310202,53.4098129645156,88.05861340469808,-2.80562738107755
Loc_3,58.0393839310202,53.4098129645156,90.58555431562147,-9.669563358299236
Loc_3,58.0393839310202,53.4098129645156,22.695816969271178,2.1891815512039656
Loc_3,58.0393839310202,53.4098129645156,94.72393577053428,-6.698776215067741
Loc_3,58.0393839310202,53.4098129645156,102.8859262437024,0.6166995718188257
Loc_3,58.0393839310202,53.4098129645156,54.293506229171065,-5.1241825267829135
Loc_3,58.0393839310202,53.4098129645156,55.53984111343516,-0.45468040017813927
Loc_3,58.0393839310202,53.4098129645156,59.29530837575523,-3.914285260843716
Loc_3,58.0393839310202,53.4098129645156,93.3642132013045,2.1759495167436675
Loc_3,58.0393839310202,53.4098129645156,81.19194382530361,-6.723249100341665
Loc_3,58.0393839310202,53.4098129645156,49.74237551731227,-8.562610642968073
Loc_3,58.0393839310202,53.4098129645156,96.22278268963615,-11.610365658696418
Loc_3,58.0393839310202,53.4098129645156,106.02949011738582,2.2547957132063736
Loc_3,58.0393839310202,53.4098129645156,48.93301709608915,-5.155442388114099
Loc_3,58.0393839310202,53.4098129645156,49.583958530833186,3.4281063832068543
Loc_3,58.0393839310202,53.4098129645156,70.90155184185346,-4.017263392166653
Loc_3,58.0393839310202,53.4098129645156,83.49577610614317,-6.20418304204647
Loc_3,58.0393839310202,53.4098129645156,81.13714784574303,-1.6063249414558531
Loc_3,58.0393839310202,53.4098129645156,82.77198947492252,-10.796096500589337
Loc_3,58.0393839310202,53.4098129645156,111.14512375370307,-11.58973701164549
Loc_3,58.0393839310202,53.4098129645156,23.8745735474144,-10.59070631983886
Loc_3,58.0393839310202,53.4098129645156,80.84433364910213,-1.6665318218330734
Loc_3,58.0393839310202,53.4098129645156,52.34314846909861,3.4092031016903377
Loc_3,58.0393839310202,53.4098129645156,74.49160522398326,-7.576267233754518
Loc_3,58.0393839310202,53.4098129645156,66.35266193772657,-2.0408368015664804
Loc_3,58.0393839310202,53.4098129645156,97.33398568023415,-2.0785729230532115
Loc_3,58.0393839310202,53.4098129645156,106.90645952771062,1.6181249468595782
Loc_3,58.0393839310202,53.4098129645156,89.42264097967258,-17.872736670339798
Loc_3,58.0393839310202,53.4098129645156,87.05837001993002,-14.277046053673079
Loc_3,58.0393839310202,53.4098129645156,63.991580856366056,-16.69765088175641
Loc_3,58.0393839310202,53.4098129645156,91.11360469626223,0.3373268180631701
Loc_3,58.0393839310202,53.4098129645156,41.026212518801266,1.2661769137036627
Loc_3,58.0393839310202,53.4098129645156,90.78436309308712,-14.423966332035839
Loc_3,58.0393839310202,53.4098129645156,70.65567022958305,10.774074840873796
Loc_3,58.0393839310202,53.4098129645156,166.59280395566304,1.2042833136185465
Loc_3,58.0393839310202,53.4098129645156,97.05085221027691,0.9222094983134648
Loc_3,58.0393839310202,53.4098129645156,90.64134207293382,-11.390073513309517
Loc_3,58.0393839310202,53.4098129645156,98.461883373906,-8.76964642180269
Loc_3,58.0393839310202,53.4098129645156,82.54725619506203,2.058693946464307
Loc_3,58.0393839310202,53.4098129645156,100.12247296027803,1.9780808114486792
Loc_3,58.0393839310202,53.4098129645156,89.2911494217705,-8.404835783523325
Loc_3,58.0393839310202,53.4098129645156,64.9098209961156,-0.7532171711240041
Loc_3,58.0393839310202,53.4098129645156,38.43082618522416,-9.401233047922677
Loc_3,58.0393839310202,53.4098129645156,115.4621200496904,-9.874693888018093
Loc_3,58.0393839310202,53.4098129645156,83.10773075209372,-7.436518747439312
Loc_3,58.0393839310202,53.4098129645156,76.91982175731988,-3.5863257874723917
Loc_3,58.0393839310202,53.4098129645156,53.38878397130742,-1.1212930573055757
Loc_3,58.0393839310202,53.4098129645156,54.696112805441906,0.7570160992459689
Loc_3,58.0393839310202,53.4098129645156,72.38948399506408,3.268094043256041
Loc_3,58.0393839310202,53.4098129645156,101.2912363659931,-15.37205969797282
Loc_3,58.0393839310202,53.4098129645156,93.21935876903686,-4.080690572813078
Loc_3,58.0393839310202,53.4098129645156,37.857996886132135,3.653335837911923
Loc_3,58.0393839310202,53.4098129645156,63.08302481089886,-11.515697511389344
Loc_3,58.0393839310202,53.4098129645156,96.99224301302542,-4.233950949050023
Loc_3,58.0393839310202,53.4098129645156,82.5105504288926,8.019292748911393
Loc_3,58.0393839310202,53.4098129645156,82.86914643586097,-8.677298881155922
Loc_3,58.0393839310202,53.4098129645156,76.2654829252953,4.737110194944847
Loc_3,58.0393839310202,53.4098129645156,114.62567814166331,-9.483918838552228
Loc_3,58.0393839310202,53.4098129645156,77.08663723334787,12.834785062232584
Loc_3,58.0393839310202,53.4098129645156,73.73087098395234,-1.3352283412385355
Loc_3,58.0393839310202,53.4098129645156,123.96243863398294,2.9814282532082146
Loc_3,58.0393839310202,53.4098129645156,55.28371220017359,0.571574011505259
Loc_3,58.0393839310202,53.4098129645156,63.247828118541065,-11.877577953133002
Loc_3,58.0393839310202,53.4098129645156,111.31826364154425,6.190016433720583
Loc_3,58.0393839310202,53.4098129645156,51.98632445781114,1.155388159156935
Loc_3,58.0393839310202,53.4098129645156,86.6988673007283,11.032514414789384
Loc_3,58.0393839310202,53.4098129645156,48.82691261956007,2.3683100296614343
Loc_3,58.0393839310202,53.4098129645156,109.71019675358936,-1.5032378842711753
Loc_3,58.0393839310202,53.4098129645156,97.54638239841714,1.1735601033521492
Loc_3,58.0393839310202,53.4098129645156,75.14493708457454,1.2049418221365293
Loc_3,58.0393839310202,53.4098129645156,100.36548737162613,-2.1990512973242486
Loc_3,58.0393839310202,53.4098129645156,93.56806750101752,-3.6590104496916704
Loc_3,58.0393839310202,53.4098129645156,96.20999367706723,-8.663811935930102
Loc_3,58.0393839310202,53.4098129645156,80.82808806301549,11.051088839887484
Loc_3,58.0393839310202,53.4098129645156,79.35519926957467,-12.301690332336761
Loc_3,58.0393839310202,53.4098129645156,73.83085957885488,-7.724450086953492
Loc_3,58.0393839310202,53.4098129645156,56.55734996513635,-11.780638400178935
Loc_3,58.0393839310202,53.4098129645156,88.78809891094099,-3.5670424221166637
Loc_3,58.0393839310202,53.4098129645156,76.56654830480724,-5.164186601191124
Loc_3,58.0393839310202,53.4098129645156,58.65288633699551,-10.247894145406379
Loc_3,58.0393839310202,53.4098129645156,46.963421980183554,8.440056804528417
Loc_3,58.0393839310202,53.4098129645156,90.77530670792805,-13.75679499818239
Loc_3,58.0393839310202,53.4098129645156,120.0818799913774,-8.390048613067256
Loc_3,58.0393839310202,53.4098129645156,85.81110405350414,0.4223216716031448
Loc_3,58.0393839310202,53.4098129645156,89.49425073854994,-1.9734972190634559
Loc_3,58.0393839310202,53.4098129645156,39.479383139239246,5.319298148329381
Loc_4,59.69623772159309,83.45709722623835,18.397752767181785,1.0795732720423272
Loc_4,59.69623772159309,83.45709722623835,30.198454050278194,-1.6012318002118944
Loc_4,59.69623772159309,83.45709722623835,34.57633312231914,1.5655964871318337
Loc_4,59.69623772159309,83.45709722623835,22.491389607790072,-3.246332235120906
Loc_4,59.69623772159309,83.45709722623835,24.20571200289466,0.6678339296673235
Loc_4,59.69623772159309,83.45709722623835,36.38138239617774,-1.0360119825297849
Loc_4,59.69623772159309,83.45709722623835,34.19919783408568,-2.6130338565558286
Loc_4,59.69623772159309,83.45709722623835,39.21606808158862,-1.3490287125368825
Loc_4,59.69623772159309,83.45709722623835,27.352466449063492,0.5908214279494335
Loc_4,59.69623772159309,83.45709722623835,48.515485592671844,-1.6963070274319534
Loc_4,59.69623772159309,83.45709722623835,26.71495956268936,0.5438568214918791
Loc_4,59.69623772159309,83.45709722623835,42.86622097710681,0.33030582979612766
Loc_4,59.69623772159309,83.45709722623835,32.954194823787574,-2.3199081961453936
Loc_4,59.69623772159309,83.45709722623835,31.47722346565045,-2.6833481276203015
Loc_4,59.69623772159309,83.45709722623835,34.43954354207152,0.795658104205728
Loc_4,59.69623772159309,83.45709722623835,12.309966099617284,-0.9824568272287764
Loc_4,59.69623772159309,83.45709722623835,27.7286188179595,0.941481163266459
Loc_4,59.69623772159309,83.45709722623835,37.43616492561298,-0.9159048067736596
Loc_4,59.69623772159309,83.45709722623835,35.47891633989321,-0.5903140094176511
Loc_4,59.69623772159309,83.45709722623835,32.5090612566249,0.01997341271959141
Loc_4,59.69623772159309,83.45709722623835,26.91654440356129,-2.3932810830513906
Loc_4,59.69623772159309,83.45709722623835,31.77131703689578,3.163755610306403
Loc_4,59.69623772159309,83.45709722623835,33.212541550628885,1.6210184873728926
Loc_4,59.69623772159309,83.45709722623835,22.808929916529575,0.19312840694920563
Loc_4,59.69623772159309,83.45709722623835,33.4673707416552,-3.0660284978316654
Loc_4,59.69623772159309,83.45709722623835,7.8242509712836394,2.153671375009196
Loc_4,59.69623772159309,83.45709722623835,20.503152596780296,2.2864056062680427
Loc_4,59.69623772159309,83.45709722623835,33.605624167138785,-2.678188966263904
Loc_4,59.69623772159309,83.45709722623835,33.53618769721454,-2.2934048614836855
Loc_4,59.69623772159309,83.45709722623835,30.26570888436874,-2.296527366875168
Loc_4,59.69623772159309,83.45709722623835,30.74872073577686,-0.61270216457542
Loc_4,59.69623772159309,83.45709722623835,30.09100758655301,0.7151281422922422
Loc_4,59.69623772159309,83.45709722623835,31.401148936609914,-3.1974250169332583
Loc_4,59.69623772159309,83.45709722623835,33.743705710525035,2.1108698745907115
Loc_4,59.69623772159309,83.45709722623835,21.60869063401302,0.7162520172560862
Loc_4,59.69623772159309,83.45709722623835,35.15979983784077,-3.3563007015915796
Loc_4,59.69623772159309,83.45709722623835,41.12781972149088,-1.7095041156230755
Loc_4,59.69623772159309,83.45709722623835,27.755924717692427,2.0602666259349887
Loc_4,59.69623772159309,83.45709722623835,29.56803229000587,-0.7525009624254531
Loc_4,59.69623772159309,83.45709722623835,21.785013432639886,-5.194263163653067
Loc_4,59.69623772159309,83.45709722623835,31.955505617120163,0.010899878789279782
Loc_4,59.69623772159309,83.45709722623835,26.225431014035706,-2.557470156982262
Loc_4,59.69623772159309,83.45709722623835,22.064824158659917,-0.41637564040497654
Loc_4,59.69623772159309,83.45709722623835,12.679974802619888,-0.9636379040045561
Loc_4,59.69623772159309,83.45709722623835,35.44489154666965,-2.65662988584023
Loc_4,59.69623772159309,83.45709722623835,21.691287478256335,-3.9960132917229823
Loc_4,59.69623772159309,83.45709722623835,19.336348217820728,-1.049369731532971
Loc_4,59.69623772159309,83.45709722623835,20.27141931767777,1.8237667268751587
Loc_4,59.69623772159309,83.45709722623835,15.687600933531948,-1.9978035065479278
Loc_4,59.69623772159309,83.45709722623835,25.6790515205013,-3.8265342750704248
Loc_4,59.69623772159309,83.45709722623835,25.617889990436673,-3.2985946095719587
Loc_4,59.69623772159309,83.45709722623835,46.0862669816147,-1.4561052470708962
Loc_4,59.69623772159309,83.45709722623835,31.397296797558873,-1.5631462541551273
Loc_4,59.69623772159309,83.45709722623835,23.51947514725007,-0.7297689577242785
Loc_4,59.69623772159309,83.45709722623835,26.363144925906088,-0.9937115601948538
Loc_4,59.69623772159309,83.45709722623835,26.905737261499393,-1.9759288703308067
Loc_4,59.69623772159309,83.45709722623835,21.019294237045045,0.8341190149439741
Loc_4,59.69623772159309,83.45709722623835,39.30801839493305,0.09064580384643706
Loc_4,59.69623772159309,83.45709722623835,31.065386090033307,-2.0234395959234512
Loc_4,59.69623772159309,83.45709722623835,27.282470263606236,-1.5795308553106788
Loc_4,59.69623772159309,83.45709722623835,36.26616742657489,-0.15794152629703728
Loc_4,59.69623772159309,83.45709722623835,38.545009304270394,0.8787210595318169
Loc_4,59.69623772159309,83.45709722623835,23.348263356161937,3.259523924287162
Loc_4,59.69623772159309,83.45709722623835,29.56802773644521,2.1261064452518283
Loc_4,59.69623772159309,83.45709722623835,26.858561919673175,-0.9318354286257288
Loc_4,59.69623772159309,83.45709722623835,39.22735495736548,-2.27983699509621
Loc_4,59.69623772159309,83.45709722623835,47.18882215393877,-0.3048462580590705
Loc_4,59.69623772159309,83.45709722623835,37.49211827542369,-0.21428999799941661
Loc_4,59.69623772159309,83.45709722623835,24.82308629392014,-0.952321422913415
Loc_4,59.69623772159309,83.45709722623835,27.9523279671103,-4.070297717067953
Loc_4,59.69623772159309,83.45709722623835,19.437325368842444,0.05878327028004415
Loc_4,59.69623772159309,83.45709722623835,30.7261622550951,-2.5291255697005512
Loc_4,59.69623772159309,83.45709722623835,39.82189528093634,1.300245309367046
Loc_4,59.69623772159309,83.45709722623835,26.69686336652759,1.4539441387240926
Loc_4,59.69623772159309,83.45709722623835,28.805365850208837,4.016672269960582
Loc_4,59.69623772159309,83.45709722623835,29.74301563819912,0.13576040739338113
Loc_4,59.69623772159309,83.45709722623835,22.971614112894507,-0.6319361990953043
Loc_4,59.69623772159309,83.45709722623835,25.475988198655735,0.6408570012740316
Loc_4,59.69623772159309,83.45709722623835,32.383942980535416,2.0639934698712903
Loc_4,59.69623772159309,83.45709722623835,18.61359903904907,-0.27364771845070823
Loc_4,59.69623772159309,83.45709722623835,30.859993026273205,-2.7625250093740803
Loc_4,59.69623772159309,83.45709722623835,25.628561157867654,-1.2442869598316726
Loc_4,59.69623772159309,83.45709722623835,32.060584349388854,2.688106314206032
Loc_4,59.69623772159309,83.45709722623835,43.10086584992625,-0.25208667521304395
Loc_4,59.69623772159309,83.45709722623835,25.231394768853917,-3.806900557674374
Loc_4,59.69623772159309,83.45709722623835,32.01735294569923,1.3982422458644597
Loc_4,59.69623772159309,83.45709722623835,22.289823771140668,1.3147815619157446
Loc_4,59.69623772159309,83.45709722623835,44.486296058367174,-3.2490982952944054
Loc_4,59.69623772159309,83.45709722623835,44.24278066408416,-0.12119409094764066
Loc_4,59.69623772159309,83.45709722623835,30.48550150215309,-2.4533065482215726
Loc_4,59.69623772159309,83.45709722623835,25.793727077771265,-1.6088452948240817
Loc_4,59.69623772159309,83.45709722623835,31.366139569281007,0.8343341502560198
Loc_4,59.69623772159309,83.45709722623835,33.2069832693175,-3.408715868519244
Loc_4,59.69623772159309,83.45709722623835,43.544518276846105,0.586868903644056
Loc_4,59.69623772159309,83.45709722623835,23.9005999015651,-4.8336742334464855
Loc_4,59.69623772159309,83.45709722623835,26.786884893363823,-1.5140295223809157
Loc_5,42.42539869629005,10.843992246709544,59.27137235402958,-4.300603252929818
Loc_5,42.42539869629005,10.843992246709544,58.12159252790629,-1.540543560976828
Loc_5,42.42539869629005,10.843992246709544,49.74251920821926,-2.174659676057318
Loc_5,42.42539869629005,10.843992246709544,65.28319209968929,1.467569589425402
Loc_5,42.42539869629005,10.843992246709544,76.06408735516128,-4.55614591240443
Loc_5,42.42539869629005,10.843992246709544,76.0110292393176,6.154919331897814
Loc_5,42.42539869629005,10.843992246709544,70.65956712869097,-0.6918657020218479
Loc_5,42.42539869629005,10.843992246709544,48.59556831358354,0.22273785333886842
Loc_5,42.42539869629005,10.843992246709544,53.92911047339576,-0.7081346040058238
Loc_5,42.42539869629005,10.843992246709544,61.30055501252531,2.167322404470061
Loc_5,42.42539869629005,10.843992246709544,66.25404171328707,1.9289852307982807
Loc_5,42.42539869629005,10.843992246709544,42.27035382774655,2.2166605976260074
Loc_5,42.42539869629005,10.843992246709544,73.2372461635743,2.1788361817366657
Loc_5,42.42539869629005,10.843992246709544,57.7008497541019,3.1253825962211526
Loc_5,42.42539869629005,10.843992246709544,58.13561702386141,4.42543477752289
Loc_5,42.42539869629005,10.843992246709544,62.82953152574183,0.811070741743728
Loc_5,42.42539869629005,10.843992246709544,71.84934312541291,-3.1924584107653002
Loc_5,42.42539869629005,10.843992246709544,45.38670613229071,2.4539588997176693
Loc_5,42.42539869629005,10.843992246709544,51.690140196914804,0.6689525339330287
Loc_5,42.42539869629005,10.843992246709544,55.51940390368618,3.207489799297453
Loc_5,42.42539869629005,10.843992246709544,66.65845755683186,5.2788697045403055
Loc_5,42.42539869629005,10.843992246709544,68.41926976794036,-0.6364993416326272
Loc_5,42.42539869629005,10.843992246709544,63.35633703689507,-1.0113686112508709
Loc_5,42.42539869629005,10.843992246709544,63.037366355572225,-1.0853648354882393
Loc_5,42.42539869629005,10.843992246709544,59.87604096302098,3.5800806299385624
Loc_5,42.42539869629005,10.843992246709544,51.06879369336716,-4.013138285810639
Loc_5,42.42539869629005,10.843992246709544,56.09071098002455,-2.5180487592458096
Loc_5,42.42539869629005,10.843992246709544,71.90934260141765,0.9053229467306286
Loc_5,42.42539869629005,10.843992246709544,68.8364803316493,-2.9448324338533856
Loc_5,42.42539869629005,10.843992246709544,57.47756012755052,3.110368680265083
Loc_5,42.42539869629005,10.843992246709544,58.04962752363298,-5.650505860378799
Loc_5,42.42539869629005,10.843992246709544,63.05807821962935,-5.6406792219515545
Loc_5,42.42539869629005,10.843992246709544,44.33623332086897,0.6705491829502924
Loc_5,42.42539869629005,10.843992246709544,49.88476392506191,4.800031763072618
Loc_5,42.42539869629005,10.843992246709544,65.08477499774725,-3.3597911230695408
Loc_5,42.42539869629005,10.843992246709544,64.19488604205834,2.0153204539940495
Loc_5,42.42539869629005,10.843992246709544,42.25298776175136,8.966228931764922
Loc_5,42.42539869629005,10.843992246709544,58.616118018090404,5.099892222262326
Loc_5,42.42539869629005,10.843992246709544,73.14870060644174,4.918923442533016
Loc_5,42.42539869629005,10.843992246709544,68.2394429901063,4.816497406860829
Loc_5,42.42539869629005,10.843992246709544,69.12404708008609,2.4141647641832265
Loc_5,42.42539869629005,10.843992246709544,57.99581228601974,4.28217674635272
Loc_5,42.42539869629005,10.843992246709544,52.604652746710215,2.8536856040236467
Loc_5,42.42539869629005,10.843992246709544,57.27282680936939,1.449935310008477
Loc_5,42.42539869629005,10.843992246709544,54.70379072037436,-0.7802635246575713
Loc_5,42.42539869629005,10.843992246709544,47.56231114128806,2.353917031859421
Loc_5,42.42539869629005,10.843992246709544,42.73945300086262,-1.488583250881156
Loc_5,42.42539869629005,10.843992246709544,56.35361249198274,-0.004752122250014423
Loc_5,42.42539869629005,10.843992246709544,54.05662356921372,-3.3332481306421027
Loc_5,42.42539869629005,10.843992246709544,75.09839001809979,-1.8649535184932708
Loc_5,42.42539869629005,10.843992246709544,66.86501735021837,0.2873494027159462
Loc_5,42.42539869629005,10.843992246709544,68.531690827259,2.780417520698297
Loc_5,42.42539869629005,10.843992246709544,40.65259571023816,0.8718075444561094
Loc_5,42.42539869629005,10.843992246709544,55.719699623813476,-5.357330207984825
Loc_5,42.42539869629005,10.843992246709544,53.90449908484693,1.6072515600830872
Loc_5,42.42539869629005,10.843992246709544,65.01427504490232,0.43241679574042413
Loc_5,42.42539869629005,10.843992246709544,40.418857555048774,7.2377582139355825
Loc_5,42.42539869629005,10.843992246709544,67.25671716570635,5.67734521463234
Loc_5,42.42539869629005,10.843992246709544,74.44158520602197,0.3413467103864243
Loc_5,42.42539869629005,10.843992246709544,65.92675769388472,3.277195292204664
Loc_5,42.42539869629005,10.843992246709544,69.9029940579316,0.7744082553740057
Loc_5,42.42539869629005,10.843992246709544,85.91915282001226,-1.9624694118480632
Loc_5,42.42539869629005,10.843992246709544,64.34702359705318,4.0673604798931535
Loc_5,42.42539869629005,10.843992246709544,75.64513134892125,2.116170682476734
Loc_5,42.42539869629005,10.843992246709544,52.84307745406706,1.6413982076931672
Loc_5,42.42539869629005,10.843992246709544,82.09969832147506,4.01681573938124
Loc_5,42.42539869629005,10.843992246709544,42.3952462336337,-2.9250811610071916
Loc_6,78.16179164553034,18.706377490435976,19.745144435651284,-2.3740288153096745
Loc_6,78.16179164553034,18.706377490435976,11.94223285841971,-2.52401381253879
Loc_6,78.16179164553034,18.706377490435976,15.410295859447467,-4.209071895250552
Loc_6,78.16179164553034,18.706377490435976,10.823138174609813,-4.592696550726499
Loc_6,78.16179164553034,18.706377490435976,10.79953461371904,-7.8769729150116845
Loc_6,78.16179164553034,18.706377490435976,16.960183582486856,-7.672677505679502
Loc_6,78.16179164553034,18.706377490435976,16.41097009217439,-1.0810511384544044
Loc_6,78.16179164553034,18.706377490435976,18.763059945995273,-4.887623565993218
Loc_6,78.16179164553034,18.706377490435976,17.617577841092455,2.3146741221504934
Loc_6,78.16179164553034,18.706377490435976,16.698303045509878,-3.2402603532285728
Loc_6,78.16179164553034,18.706377490435976,14.693084976440993,-11.388156856033467
Loc_6,78.16179164553034,18.706377490435976,16.647248824909806,-0.8375473502103339
Loc_6,78.16179164553034,18.706377490435976,14.963508488642814,-8.960079918216493
Loc_6,78.16179164553034,18.706377490435976,18.763683879753714,-8.918225572567486
Loc_6,78.16179164553034,18.706377490435976,14.489955577413028,-4.754953098746265
Loc_6,78.16179164553034,18.706377490435976,15.967252624914064,2.0126637783535717
Loc_6,78.16179164553034,18.706377490435976,13.92330690422557,-15.374853198757908
Loc_6,78.16179164553034,18.706377490435976,15.708576141610937,-9.099723651273516
Loc_6,78.16179164553034,18.706377490435976,13.701419752870338,-6.7241171972855325
Loc_6,78.16179164553034,18.706377490435976,15.080914429820945,-7.3699799732335975
Loc_6,78.16179164553034,18.706377490435976,15.199906112654684,2.693282536798396
Loc_6,78.16179164553034,18.706377490435976,19.727242491978124,-12.91237792613143
Loc_6,78.16179164553034,18.706377490435976,14.245063985024048,-0.6999313054819121
Loc_6,78.16179164553034,18.706377490435976,16.879082353331352,-9.045166122851725
Loc_6,78.16179164553034,18.706377490435976,15.959669701473686,-7.50264397705534
Loc_6,78.16179164553034,18.706377490435976,15.777682999345592,-11.003081882033797
Loc_6,78.16179164553034,18.706377490435976,15.844567989922812,-12.982110115064387
Loc_6,78.16179164553034,18.706377490435976,10.726497729056327,-7.854582523404248
Loc_6,78.16179164553034,18.706377490435976,19.002749657853133,-9.448292938025556
Loc_6,78.16179164553034,18.706377490435976,10.589176541168701,-5.935289327848245
Loc_6,78.16179164553034,18.706377490435976,17.45726287377231,-6.020535235562674
Loc_6,78.16179164553034,18.706377490435976,10.46699831951728,-6.784600339088097
Loc_6,78.16179164553034,18.706377490435976,13.571679451420637,-7.939674159491089
Loc_6,78.16179164553034,18.706377490435976,16.42301469550288,-4.186823947324582
Loc_6,78.16179164553034,18.706377490435976,14.224259752322652,-12.697018803233892
Loc_6,78.16179164553034,18.706377490435976,9.399938203963245,-0.8301926775885864
Loc_6,78.16179164553034,18.706377490435976,16.469094878466098,-5.959872713532128
Loc_6,78.16179164553034,18.706377490435976,12.827772905483805,-7.51383504575739
Loc_6,78.16179164553034,18.706377490435976,14.875847627625063,-5.541821635372123
Loc_6,78.16179164553034,18.706377490435976,7.051205962514055,-2.3416664821417457
Loc_6,78.16179164553034,18.706377490435976,14.946826429111853,-12.121721202736868
Loc_6,78.16179164553034,18.706377490435976,18.68271915570889,-5.866460406470846
Loc_6,78.16179164553034,18.706377490435976,11.934308393343624,-10.272512975301062
Loc_6,78.16179164553034,18.706377490435976,11.759057941050958,3.3635496889743104
Loc_6,78.16179164553034,18.706377490435976,12.552706602533775,0.22579808687367198
Loc_6,78.16179164553034,18.706377490435976,10.045601181441409,-11.439034241327446
Loc_6,78.16179164553034,18.706377490435976,12.006870393112163,-4.544429950336424
Loc_6,78.16179164553034,18.706377490435976,7.888775239398854,1.7560115583612284
Loc_6,78.16179164553034,18.706377490435976,11.965227888609165,-9.601895413196424
Loc_6,78.16179164553034,18.706377490435976,14.86859198814174,-3.485444529229553
Loc_6,78.16179164553034,18.706377490435976,15.170701767402784,-5.120822624176087
Loc_6,78.16179164553034,18.706377490435976,11.064324651249574,-0.2244753487069171
Loc_6,78.16179164553034,18.706377490435976,15.033093934009111,-3.0180087650958196
Loc_6,78.16179164553034,18.706377490435976,17.290225116698366,-6.078790444989016
Loc_6,78.16179164553034,18.706377490435976,21.562420745970947,-13.543697617050752
Loc_6,78.16179164553034,18.706377490435976,20.061008269419194,-3.6384654737281834
Loc_6,78.16179164553034,18.706377490435976,15.01611311589854,-7.065060593923587
Loc_6,78.16179164553034,18.706377490435976,14.953299460078272,-1.6685170478987352
Loc_6,78.16179164553034,18.706377490435976,18.86603206778451,-0.135190925367342
Loc_7,64.89392021135826,6.6091620458453075,105.15262933695098,-2.7147827495566674
Loc_7,64.89392021135826,6.6091620458453075,114.784948116298,1.7987113550361498
Loc_7,64.89392021135826,6.6091620458453075,91.32976175287168,-3.875267335410664
Loc_7,64.89392021135826,6.6091620458453075,98.67108739521038,-3.060320239476244
Loc_7,64.89392021135826,6.6091620458453075,126.0424951304608,-1.8821538897420371
Loc_7,64.89392021135826,6.6091620458453075,119.46669953102027,1.4851822110404607
Loc_7,64.89392021135826,6.6091620458453075,114.2754300484502,2.155839840074667
Loc_7,64.89392021135826,6.6091620458453075,93.52356340575975,-1.8788433663624042
Loc_7,64.89392021135826,6.6091620458453075,115.70645463219205,-0.05046386817641554
Loc_7,64.89392021135826,6.6091620458453075,69.39274805010291,-3.6460028868254715
Loc_7,64.89392021135826,6.6091620458453075,100.61924005496837,1.878222678664946
Loc_7,64.89392021135826,6.6091620458453075,112.9825553229559,-0.02775956287167854
Loc_7,64.89392021135826,6.6091620458453075,96.22023962973428,1.1398196152255022
Loc_7,64.89392021135826,6.6091620458453075,109.69192668054869,-1.251211705789374
Loc_7,64.89392021135826,6.6091620458453075,105.17150087883262,0.672963038066503
Loc_7,64.89392021135826,6.6091620458453075,118.80774520342935,-1.5005163200624656
Loc_7,64.89392021135826,6.6091620458453075,78.43103355220146,-2.5123514220764225
Loc_7,64.89392021135826,6.6091620458453075,99.47358541471371,0.4531863722514764
Loc_7,64.89392021135826,6.6091620458453075,83.14510807327346,-2.6401226061500913
Loc_7,64.89392021135826,6.6091620458453075,105.606581801438,2.8159311581718884
Loc_7,64.89392021135826,6.6091620458453075,100.87921623204569,3.0074230442395984
Loc_7,64.89392021135826,6.6091620458453075,141.5440216545489,2.715758613193558
Loc_7,64.89392021135826,6.6091620458453075,92.1443654675858,6.249389411417445
Loc_7,64.89392021135826,6.6091620458453075,150.6230225424436,-3.504244996147751
Loc_7,64.89392021135826,6.6091620458453075,96.3567815023255,-0.10159789152172749
Loc_7,64.89392021135826,6.6091620458453075,80.88409242930274,-0.8761151920504288
Loc_7,64.89392021135826,6.6091620458453075,127.58508545391793,3.3966940362413
Loc_7,64.89392021135826,6.6091620458453075,102.68858495161957,3.402584333174764
Loc_7,64.89392021135826,6.6091620458453075,114.37600459490311,-0.07338410408530385
Loc_7,64.89392021135826,6.6091620458453075,100.0596162201099,1.6598325567182792
Loc_7,64.89392021135826,6.6091620458453075,105.65060148675272,-3.6930523647323312
Loc_7,64.89392021135826,6.6091620458453075,85.20985038266437,-1.980019203358647
Loc_7,64.89392021135826,6.6091620458453075,118.52586537624366,1.1916831597452553
Loc_7,64.89392021135826,6.6091620458453075,115.12887195548822,2.0570990362583865
Loc_7,64.89392021135826,6.6091620458453075,104.49148493419848,1.8810790412078457
Loc_7,64.89392021135826,6.6091620458453075,93.1367660122747,0.2553410562432482
Loc_7,64.89392021135826,6.6091620458453075,134.29571903311142,-1.001460994890915
Loc_7,64.89392021135826,6.6091620458453075,115.73730979270309,3.677334011595156
Loc_7,64.89392021135826,6.6091620458453075,99.6852004416804,1.8265014466991225
Loc_7,64.89392021135826,6.6091620458453075,102.37768378903797,4.088878665164229
Loc_7,64.89392021135826,6.6091620458453075,115.30090615783554,-1.8183395448568365
Loc_7,64.89392021135826,6.6091620458453075,125.41053338924698,5.115005332169989
Loc_7,64.89392021135826,6.6091620458453075,75.12252346154858,1.0477748350779021
Loc_7,64.89392021135826,6.6091620458453075,116.90323583366501,-2.121232901387586
Loc_7,64.89392021135826,6.6091620458453075,110.4968643978598,-2.3199370133327806
Loc_7,64.89392021135826,6.6091620458453075,138.76266333322516,-6.486767250783754
Loc_7,64.89392021135826,6.6091620458453075,112.08501739903043,0.09168947528367238
Loc_7,64.89392021135826,6.6091620458453075,139.3525791542973,-1.6571702600825566
Loc_7,64.89392021135826,6.6091620458453075,100.07910533709526,0.16847592847287773
Loc_7,64.89392021135826,6.6091620458453075,85.81758178262676,1.60425164482151
Loc_7,64.89392021135826,6.6091620458453075,109.19231012299697,0.2039589796828028
Loc_7,64.89392021135826,6.6091620458453075,117.05305266259863,-2.887893939980219
Loc_7,64.89392021135826,6.6091620458453075,90.77704143310129,2.483664727285983
Loc_7,64.89392021135826,6.6091620458453075,98.74160463514924,0.8277308119977317
Loc_7,64.89392021135826,6.6091620458453075,107.8691006915466,-2.2291357943595003
Loc_7,64.89392021135826,6.6091620458453075,118.89954069941737,2.6088312494728743
Loc_7,64.89392021135826,6.6091620458453075,120.64031736877027,-2.9749797709940906
Loc_7,64.89392021135826,6.6091620458453075,95.86646827525743,0.3392885868888584
Loc_7,64.89392021135826,6.6091620458453075,112.13945825067749,2.6492897670208118
Loc_7,64.89392021135826,6.6091620458453075,131.7693637066403,0.4935953622644229
Loc_7,64.89392021135826,6.6091620458453075,97.9005630701306,3.3771906167978596
Loc_7,64.89392021135826,6.6091620458453075,105.1114589565814,-3.649112011608869
Loc_7,64.89392021135826,6.6091620458453075,107.25552468916574,2.684510031594098
Loc_7,64.89392021135826,6.6091620458453075,105.36206610961787,0.1787191251207954
Loc_7,64.89392021135826,6.6091620458453075,119.05390844678045,-3.0160187506306877
Loc_7,64.89392021135826,6.6091620458453075,140.2876785236043,-2.9477891401835867
Loc_7,64.89392021135826,6.6091620458453075,116.36100829561663,1.003384298448933
Loc_7,64.89392021135826,6.6091620458453075,86.0623497965025,-0.6510862555526709
Loc_7,64.89392021135826,6.6091620458453075,97.89398808944716,-1.4697350782298302
Loc_7,64.89392021135826,6.6091620458453075,120.7832362881133,-4.214356449517905
Loc_7,64.89392021135826,6.6091620458453075,128.15615058569855,7.912096068898362
Loc_7,64.89392021135826,6.6091620458453075,104.16908451198549,2.0502063310017906
Loc_7,64.89392021135826,6.6091620458453075,122.9607978898788,0.6226069911695005
Loc_7,64.89392021135826,6.6091620458453075,114.10873331751291,2.6110718117632996
Loc_7,64.89392021135826,6.6091620458453075,102.40644344646397,1.3703861158861592
Loc_7,64.89392021135826,6.6091620458453075,133.4509737380272,4.700858864956871
Loc_7,64.89392021135826,6.6091620458453075,80.31180978588844,-3.1606562100159152
Loc_7,64.89392021135826,6.6091620458453075,122.82943705717881,-2.112736958580575
Loc_7,64.89392021135826,6.6091620458453075,108.85063823216716,0.09255583177925686
Loc_7,64.89392021135826,6.6091620458453075,104.37987824359998,2.0538016678491013
Loc_7,64.89392021135826,6.6091620458453075,98.19701991066289,-2.816231452056885
Loc_7,64.89392021135826,6.6091620458453075,100.46726350050756,-1.210656363420413
Loc_7,64.89392021135826,6.6091620458453075,126.36206391764836,0.45698166056388456
Loc_7,64.89392021135826,6.6091620458453075,109.26403458982956,4.229591340383313
Loc_7,64.89392021135826,6.6091620458453075,84.08838037800223,4.1561891160132065
Loc_7,64.89392021135826,6.6091620458453075,82.15377473245199,2.7031819241542823
Loc_7,64.89392021135826,6.6091620458453075,110.73586322693123,-3.6377028196741445
Loc_7,64.89392021135826,6.6091620458453075,108.86015599542472,-1.903079887332424
Loc_7,64.89392021135826,6.6091620458453075,116.95928566221573,1.6815554132423327
Loc_7,64.89392021135826,6.6091620458453075,114.23935398582044,-1.2832401058857426
Loc_7,64.89392021135826,6.6091620458453075,94.21562681393665,2.4020284880309375
Loc_7,64.89392021135826,6.6091620458453075,131.34635102694227,1.276387597658806
Loc_7,64.89392021135826,6.6091620458453075,110.20169321182296,-2.5193138000165387
Loc_7,64.89392021135826,6.6091620458453075,146.5728441780608,7.08208666572415
Loc_7,64.89392021135826,6.6091620458453075,121.89571316191562,2.5479723845591806
Loc_8,46.98559764070313,82.82418332503235,50.40575922342841,-2.4753102708059025
Loc_8,46.98559764070313,82.82418332503235,32.46928819252492,9.612033675199456
Loc_8,46.98559764070313,82.82418332503235,27.0278355988655,-4.780066140617268
Loc_8,46.98559764070313,82.82418332503235,61.131243971886505,10.58509401397817
Loc_8,46.98559764070313,82.82418332503235,27.814652748485017,-6.198912595268339
Loc_8,46.98559764070313,82.82418332503235,62.76988133369843,-7.919014184780667
Loc_8,46.98559764070313,82.82418332503235,27.64644614678861,1.7576707718423172
Loc_8,46.98559764070313,82.82418332503235,46.57274030882337,-1.1824014381726353
Loc_8,46.98559764070313,82.82418332503235,39.25976158304602,-4.3734973482028945
Loc_8,46.98559764070313,82.82418332503235,36.602652840661705,-0.09811903357859153
Loc_8,46.98559764070313,82.82418332503235,34.87813947520074,-4.384692697825482
Loc_8,46.98559764070313,82.82418332503235,36.730263010870765,-8.308957441109781
Loc_8,46.98559764070313,82.82418332503235,37.249756024302464,-4.909476073329062
Loc_8,46.98559764070313,82.82418332503235,42.73326820597056,-2.422576840950266
Loc_8,46.98559764070313,82.82418332503235,21.494409496086128,-0.48725752585334137
Loc_8,46.98559764070313,82.82418332503235,27.512204534129573,3.8285676817576464
Loc_8,46.98559764070313,82.82418332503235,40.52947208766665,-3.9153744844283525
Loc_8,46.98559764070313,82.82418332503235,34.78595374472258,-4.225722920580835
Loc_8,46.98559764070313,82.82418332503235,33.79466377144415,-6.31761479099009
Loc_8,46.98559764070313,82.82418332503235,31.885990385552205,5.884598575836845
Loc_8,46.98559764070313,82.82418332503235,51.21245463814264,-3.5877565680860997
Loc_8,46.98559764070313,82.82418332503235,38.793263713791106,-8.405939235717803
Loc_8,46.98559764070313,82.82418332503235,35.972460955328216,-2.2074331169620933
Loc_8,46.98559764070313,82.82418332503235,39.84545856369764,-8.435148116417324
Loc_8,46.98559764070313,82.82418332503235,48.3324415558903,-6.775040751973067
Loc_8,46.98559764070313,82.82418332503235,47.10022870009493,-0.6132087696026662
Loc_8,46.98559764070313,82.82418332503235,40.13115225993662,-0.8649654502662139
Loc_8,46.98559764070313,82.82418332503235,62.38957379477832,-2.0855602080099955
Loc_8,46.98559764070313,82.82418332503235,40.17707956297301,-0.04876703278154371
Loc_8,46.98559764070313,82.82418332503235,51.32936015288726,-6.044410954877064
Loc_8,46.98559764070313,82.82418332503235,50.76726805635037,4.249005359147344
Loc_8,46.98559764070313,82.82418332503235,38.034945483120296,0.693322116568087
Loc_8,46.98559764070313,82.82418332503235,20.065199406783705,-0.43609345022293766
Loc_8,46.98559764070313,82.82418332503235,36.77224905046023,-2.2441479457961235
Loc_8,46.98559764070313,82.82418332503235,46.2521587992875,-3.094115112539651
Loc_8,46.98559764070313,82.82418332503235,51.86609875855362,-0.5457807722171568
Loc_8,46.98559764070313,82.82418332503235,37.78319794573683,-1.0796101587359703
Loc_8,46.98559764070313,82.82418332503235,40.29268351281642,-11.353698589190657
Loc_8,46.98559764070313,82.82418332503235,53.21141507113846,-1.3442337299950593
Loc_8,46.98559764070313,82.82418332503235,41.68487749131618,-2.0691989823993584
Loc_8,46.98559764070313,82.82418332503235,39.881192292358534,-3.8069152566410382
Loc_8,46.98559764070313,82.82418332503235,48.78064294797892,-2.874640594081677
Loc_8,46.98559764070313,82.82418332503235,33.52931695270102,-5.228420602403075
Loc_8,46.98559764070313,82.82418332503235,28.73620814697047,-5.145171584205024
Loc_8,46.98559764070313,82.82418332503235,27.530217171131003,-8.814039492452594
Loc_8,46.98559764070313,82.82418332503235,33.9278881318064,1.1140075331304842
Loc_8,46.98559764070313,82.82418332503235,19.144798296017203,-0.5454455927856032
Loc_8,46.98559764070313,82.82418332503235,26.98002365278544,2.202415215112234
Loc_8,46.98559764070313,82.82418332503235,28.20567239073261,2.2207737633640425
Loc_8,46.98559764070313,82.82418332503235,38.43170925172796,2.7514699456291147
Loc_8,46.98559764070313,82.82418332503235,30.157217677155245,-6.934126067693452
Loc_8,46.98559764070313,82.82418332503235,38.13627336693742,4.486897608561547
Loc_8,46.98559764070313,82.82418332503235,58.5140862361084,1.4835888084579127
Loc_8,46.98559764070313,82.82418332503235,41.66743437468074,-0.23497056292452867
Loc_8,46.98559764070313,82.82418332503235,61.11851107229245,-6.585544238777075
Loc_8,46.98559764070313,82.82418332503235,47.586119530801724,0.6041595116523952
Loc_8,46.98559764070313,82.82418332503235,50.25062276804981,3.014214172746149
Loc_8,46.98559764070313,82.82418332503235,48.445414142515176,1.0045852971323788
Loc_9,71.04130032259849,14.871797261635567,37.76826764555747,-0.52439452687987
Loc_9,71.04130032259849,14.871797261635567,56.227753342700034,1.5241168308886341
Loc_9,71.04130032259849,14.871797261635567,49.17579273072708,0.8133894239031413
Loc_9,71.04130032259849,14.871797261635567,43.88914687408269,1.0442188958004948
Loc_9,71.04130032259849,14.871797261635567,50.17439389086053,-0.9595133858737446
Loc_9,71.04130032259849,14.871797261635567,53.156839026888804,0.5404211225013877
Loc_9,71.04130032259849,14.871797261635567,51.1160321548269,0.3878984621848529
Loc_9,71.04130032259849,14.871797261635567,44.49648772247787,1.006027169833987
Loc_9,71.04130032259849,14.871797261635567,49.64447047756736,-0.6132178436015158
Loc_9,71.04130032259849,14.871797261635567,44.24896815891117,0.3812554878604727
Loc_9,71.04130032259849,14.871797261635567,49.4473772459851,0.4728537110782139
Loc_9,71.04130032259849,14.871797261635567,53.49318053452932,0.6196307569659446
Loc_9,71.04130032259849,14.871797261635567,52.38098678890721,-0.7287451417024291
Loc_9,71.04130032259849,14.871797261635567,48.054657276371266,1.841310811885295
Loc_9,71.04130032259849,14.871797261635567,45.10133784028155,0.4318677924490143
Loc_9,71.04130032259849,14.871797261635567,48.00475390203966,1.0067736351546646
Loc_9,71.04130032259849,14.871797261635567,49.97050036371797,-2.450759020276687
Loc_9,71.04130032259849,14.871797261635567,38.83744767329723,0.08534444943594922
Loc_9,71.04130032259849,14.871797261635567,51.0592223235588,-0.5000218798670726
Loc_9,71.04130032259849,14.871797261635567,57.81702567350176,-0.07331391129551519
Loc_9,71.04130032259849,14.871797261635567,54.88323323921,-0.006514340453199635
Loc_9,71.04130032259849,14.871797261635567,47.07013886018809,0.7018651281838935
Loc_9,71.04130032259849,14.871797261635567,51.47010110105102,0.21974277131158024
Loc_9,71.04130032259849,14.871797261635567,55.29505165633365,1.080084918368868
Loc_9,71.04130032259849,14.871797261635567,45.55928895758894,0.7687842461092009
Loc_9,71.04130032259849,14.871797261635567,43.916540415792106,-0.8745948516326977
Loc_9,71.04130032259849,14.871797261635567,51.482036823362606,-0.0068130859599989674
Loc_9,71.04130032259849,14.871797261635567,42.38512092781163,1.2937844659765987
Loc_9,71.04130032259849,14.871797261635567,51.769321741591554,-0.9269898549257534
Loc_9,71.04130032259849,14.871797261635567,62.08155815973325,-0.8106694191516856
Loc_9,71.04130032259849,14.871797261635567,48.683769824553835,-2.2986058699274423
Loc_9,71.04130032259849,14.871797261635567,41.48782667768096,-0.393596244404988
Loc_9,71.04130032259849,14.871797261635567,48.77442537858002,-0.5086972819178108
Loc_9,71.04130032259849,14.871797261635567,58.325989763014476,-1.2427207931518127
Loc_9,71.04130032259849,14.871797261635567,47.77311532343543,-0.235395511758963
Loc_9,71.04130032259849,14.871797261635567,42.3972566597462,-0.6180399266765187
Loc_9,71.04130032259849,14.871797261635567,53.02790121273772,-0.13159644129738177
Loc_9,71.04130032259849,14.871797261635567,52.10027011000389,-0.14859487361288606
Loc_9,71.04130032259849,14.871797261635567,54.86718927229987,-0.04223955324032011
Loc_9,71.04130032259849,14.871797261635567,45.710650357935506,-0.12520414426381432
Loc_9,71.04130032259849,14.871797261635567,52.829513382962794,1.4537020567688181
Loc_9,71.04130032259849,14.871797261635567,49.5102967494295,-0.45020495315395587
Loc_9,71.04130032259849,14.871797261635567,52.34246467907819,1.0318063547498664
Loc_9,71.04130032259849,14.871797261635567,50.6034137639691,2.043404726131227
Loc_9,71.04130032259849,14.871797261635567,47.29848158348155,-1.4088938152057906
Loc_9,71.04130032259849,14.871797261635567,46.73625275799495,-0.5199397963507888
Loc_9,71.04130032259849,14.871797261635567,52.90700290869924,-0.30849369022956247
Loc_9,71.04130032259849,14.871797261635567,40.177642459950064,1.3795826679709777
Loc_9,71.04130032259849,14.871797261635567,47.86552371218009,-0.4688741036672341
Loc_9,71.04130032259849,14.871797261635567,58.526739942270495,-0.3003751369947815
Loc_9,71.04130032259849,14.871797261635567,51.950998070686005,1.036038353376763
Loc_9,71.04130032259849,14.871797261635567,46.86886616808996,-0.012749968985946906
Loc_9,71.04130032259849,14.871797261635567,46.07771733546123,-0.08720607931072744
Loc_9,71.04130032259849,14.871797261635567,55.05639481815323,1.1189114530362725
Loc_9,71.04130032259849,14.871797261635567,55.95344842283458,2.064834687225257
Loc_9,71.04130032259849,14.871797261635567,43.49156020320038,-0.3179281716014486
Loc_9,71.04130032259849,14.871797261635567,41.823546423443005,0.7951564752603953
Loc_9,71.04130032259849,14.871797261635567,49.39164276893685,-0.18318689798843513
Loc_9,71.04130032259849,14.871797261635567,43.687366897690254,0.7394753369616675
Loc_9,71.04130032259849,14.871797261635567,50.82833198111138,-0.5031248272424971
Loc_9,71.04130032259849,14.871797261635567,47.69624036277824,-0.2174074170984475
Loc_9,71.04130032259849,14.871797261635567,37.83464621614247,-0.8034045008079258
Loc_9,71.04130032259849,14.871797261635567,53.771788070675484,-0.4534700229031374
Loc_9,71.04130032259849,14.871797261635567,45.256274854762125,0.35084619912368714
Loc_9,71.04130032259849,14.871797261635567,56.532324788810975,-0.13276820220971403
Loc_9,71.04130032259849,14.871797261635567,53.327403830394374,-0.6843565868440231
Loc_9,71.04130032259849,14.871797261635567,48.90336910691005,-0.5974958887435805
Loc_9,71.04130032259849,14.871797261635567,50.345406550600046,0.7930404323478714
Loc_9,71.04130032259849,14.871797261635567,44.43628997680935,0.5371025211667964
Loc_9,71.04130032259849,14.871797261635567,44.97728176402383,-1.3412060355594642
Loc_9,71.04130032259849,14.871797261635567,49.310907460635015,0.24344511185278264
Loc_9,71.04130032259849,14.871797261635567,54.209360778886,-0.5437836875693084
Loc_9,71.04130032259849,14.871797261635567,55.199800985313715,0.46053625556764705
Loc_9,71.04130032259849,14.871797261635567,46.57649538501862,0.29122349176222523
Loc_9,71.04130032259849,14.871797261635567,47.147910368783954,-0.6650120872473358
Loc_9,71.04130032259849,14.871797261635567,57.741583660338115,0.503398824945062
Loc_9,71.04130032259849,14.871797261635567,54.166979875293265,0.2616667449243504
Loc_9,71.04130032259849,14.871797261635567,55.777652424165666,0.4704561219677766
Loc_9,71.04130032259849,14.871797261635567,47.947130544881745,-0.5014588785826913
